namefirst,namelast,email,username,age,country,datetime
Asa,Augst,howledauxiliary@plumpsplinted.info,Blackfootsfoaming,96,Lesotho,1985-11-27 15:46:56.224404
Cletus,Thalhammer,Macaulaybehemoths@predication.com,colanders,14,Sierra Leone,1988-11-16 17:13:40.079199
Sol,Hessler,weptvividness@gummierseabirddefenses.com,exhort,31,Gibraltar,1998-03-29 23:30:16.105215
Rey,Minatra,intrepidlyCubansbrowbeating@Mosulgames.gov,selvedged,98,Nicaragua,2014-03-30 13:53:27.748258
Cyrus,Brail,creakiertradesmanphlebitiss@avocados.edu,tearjerkers,35,Poland,2019-08-06 06:50:18.811750
Garland,Mouret,Dunnsgluiestplaywrights@Urbansshaggedsurfers.net,devotionalmildews,22,Kerguelen Archipelago,1991-08-27 10:56:26.381393
Dudley,Raetz,cicatricesinterstate@acceded.org,cellulars,29,Brazil,2002-10-12 18:50:04.893628
Ali,Braver,littlerfranticventurous@incinerationdogies.net,Americana,97,Gibraltar,1993-07-16 14:19:58.753097
Shelby,Auwarter,wardsformalitys@Kelly.edu,monuments,15,Cyprus,1987-10-29 11:22:59.633777
Hans,Parisio,llamasLasvassalage@crepeabandonment.gov,Corinatoxinsdisparagements,6,Rwanda,1989-06-18 13:36:50.250151
Jeromy,Needell,bitterestvowels@bulimiccupfulAllentown.net,tricycled,87,Switzerland,2016-09-15 23:56:43.325333
Laurence,Lohbeck,chaffsviscountesses@foothillsfriesHanois.info,discoveredpermeate,42,Norfolk Island,2007-08-23 08:24:43.125319
Michal,Kaneta,skywritershooters@perfume.me,overcharging,85,Tajikistan,1978-12-02 21:43:38.529227
Randolph,Bierd,falconersoverlong@wattagescarvesshawkings.info,Ayrshiresvalley,16,Venezuela,2009-03-12 07:58:49.461678
Dwain,Kinley,silhouettes@CasalsOdinrepetition.com,Toshibaobligates,3,Guernsey,1998-01-30 04:20:07.535445
Rico,Ubinas,whirrsheelsclerics@Siegfrieds.info,incorrectnessdoggone,2,Japan,2008-04-27 07:30:39.405093
Dewayne,Pledge,epicureansnationtableaux@alarmistscheckering.me,gigolos,97,Lithuania,2011-01-10 12:26:26.174538
Adolfo,Lallemand,Wittsastounds@pustulesseparable.edu,pretzels,76,Saint Vincent and the Grenadines,2019-11-25 09:07:19.342010
Milan,Sinchak,fogsdibblesMattels@comessdirectives.com,fillip,62,Northern Mariana Islands,1989-02-07 15:10:47.274381
Santos,Ruka,TanganyikaOsgoods@rebirths.org,refrigerates,95,Dominican Republic,1984-12-01 14:21:03.650342
Brendan,Hightree,whilstOneida@Cordobapropinquity.info,decorously,84,Belgium,2007-01-24 07:32:34.834266
Vito,Kiyota,sailboardingbloodthirsty@firebranddesignation.org,realtornoncompetitive,87,Bermuda,2005-11-19 10:28:57.175524
Lester,Flucas,valencesrenewed@spacey.net,fablereactivations,31,Laos,1984-05-04 02:29:25.247160
Juan,Drucker,fantasizingdwindling@saturatedoblongsearlobes.gov,meagernesss,18,Vanuatu,1994-12-17 21:30:03.397261
Danial,Mabey,urbanitysRabelaisian@misquotes.edu,Cantabrigian,78,Baker Island,2016-02-07 23:20:54.131543
Javier,Farnworth,pasteurizedpox@fivers.info,Petramolasses,94,Mediterranean Sea,2014-12-05 13:46:15.278358
Cleo,Gunzenhauser,hipposrejectionsuffragan@bicycleddickers.org,togsfoxtrotting,46,Norway,1999-03-21 21:11:53.130502
Erwin,Fumich,Algerianscuries@keyholeHaiphongprocrastinate.info,renditioned,82,Botswana,2017-02-01 07:36:19.904765
Billie,Hilbun,tiffingmeals@Parrstheaters.edu,Robsonshermetically,11,Virgin Islands,1991-02-05 15:44:32.570517
Roderick,Kovaleski,nipspacecrafts@psychedninja.info,buckingtuners,103,Tonga,1996-06-25 11:08:36.242519
Elbert,Bruhl,victimMapplethorpe@ultraconservativescataloger.me,caparisoning,88,Maldives,1972-08-21 20:50:55.350421
Shelby,Pinkley,lesionsaugust@debriefCroesus.net,hagglerphilanthropists,13,Cambodia,2016-09-02 02:57:53.390154
Junior,Bocook,scrutinized@DamascusStradivarius.gov,Martians,19,Antigua and Barbuda,1996-10-13 13:22:40.821761
Houston,Melotte,calicoScorpios@actualizetrammedhitting.com,Tlhypermarket,56,Morocco,2020-01-03 12:32:20.306090
Aaron,Iacovino,boarsPequots@sneakstoringstews.edu,unified,3,Comoros,1987-12-12 08:24:10.224011
Eddy,Shabazz,bulletdirectives@befogging.edu,rotundaspipit,81,Netherlands,1977-06-18 22:00:06.916343
Harrison,Yeargin,pawingflashiersheiks@kindnotepaper.gov,boozing,3,Namibia,2003-03-18 17:00:14.689775
Blair,Dorfler,mineralsGermans@observable.edu,legendsremnants,57,East Timor,1976-01-24 14:18:11.900599
Rafael,Worner,researchesBertshoguns@forelockchumsBrazzaville.edu,optimism,75,Saint Kitts and Nevis,1999-04-24 00:05:25.485445
Dana,Prus,gendarmesreprimanding@peevingSteinems.org,soundnesss,84,Cameroon,2007-11-22 05:11:26.938038
Arnulfo,Thieken,healthinesssubmitter@billowswindPenelopes.edu,sendersapprentice,40,Martinique,2008-09-24 04:48:50.147168
Scott,Battiest,Nicevergeteacups@conformsblandKuibyshev.com,grangeszanied,33,Lebanon,1970-03-09 07:59:37.332771
Daniel,Wintermantel,duelhummockshadow@mandateCatoEuterpe.info,rearmushrooming,90,South Georgia and the South Sandwich Islands,1991-12-30 12:48:14.724446
Pierre,Trucke,megalithstaproomsOsakas@lingualheartbreak.net,bindefinitive,49,Maldives,1979-11-08 11:56:15.349280
Lazaro,Nora,footstoolcovey@womanizers.net,halfhomelands,79,Luxembourg,1989-02-04 06:12:45.107801
Ezequiel,Carfagna,irrigationenrage@arrivals.net,Loganoversights,78,Liechtenstein,1984-09-04 15:00:12.407361
Chang,Goplin,piouspimpliest@Liberias.edu,burnooseRubik,73,Netherlands,2003-01-07 02:17:38.070684
Mohammad,Feinberg,maraudersKlaus@moodiest.net,rheas,70,Eritrea,1994-08-27 14:47:25.434394
Glenn,Zaccaro,wastelands@protégésNoemistethers.com,menstruatesestablished,34,Johnston Atoll,1988-03-13 12:51:33.313287
Tyler,Llano,dishpansNovemberwiden@poshest.info,visitorspatterning,32,Aruba,1984-10-05 02:11:09.916299
Walter,Mimura,Avignonjuncture@siphonsscuddingyakked.info,northbound,56,Wallis and Futuna,1986-08-21 12:19:40.391368
Clyde,Magneson,eeriesthousetop@northernmostLambs.me,hieroglyphics,71,India,1974-05-24 04:09:15.108107
Toby,Braendle,blueprintabashing@bossiest.com,Elsasoverstated,51,Viet Nam,1997-09-05 16:10:50.969363
Bob,Buehrig,oppositedittyscarrel@Heidisaccepted.net,masks,104,Djibouti,1993-11-30 12:49:04.397076
Humberto,Casimir,describingiterate@homosexualitys.com,dividendsrenewal,83,Uganda,1975-11-05 06:04:30.753555
Donn,Tanabe,animalpublishings@miscribswangle.com,Mitchellsscarcity,80,Rwanda,1977-07-09 18:51:08.314208
Damon,Lavell,lakedstrainers@Camelopardaliss.edu,colleagueGordon,103,French Guiana,1989-05-25 11:01:27.595973
Trent,Mcdilda,adriftasylum@damallotments.me,confederations,28,Bassas da India,2017-01-21 10:37:05.075777
Richard,Klyce,transshipments@ordinations.net,ArizsupturnsJustins,41,Bhutan,1970-08-15 04:17:52.181185
Kenton,Porton,inconsistentsubordinate@Elisaamendmentswashstands.me,magnetosphere,102,Samoa,2019-06-29 14:16:21.982886
Jacinto,Panday,vaporizersKarloffs@superstructures.info,retractions,82,Isle of Man,2017-08-03 08:11:55.655899
Jimmie,Schoenfield,UnitariansHaydn@zombiestendentious.gov,kegsstringy,53,Zimbabwe,1976-03-22 01:08:03.689916
Clifton,Laughman,volumeMohosashaying@perfectlyswishest.edu,eigenvaluecopying,85,Uganda,2005-08-10 08:23:36.474287
Devon,Terriquez,typescriptstraitors@litterAlamos.net,Darwinsjuncos,34,Anguilla,2014-09-15 17:51:42.034204
Brendan,Coppenbarger,Clancyspantheistic@hangnail.gov,geniusLangerhanss,45,Clipperton Island,2014-03-07 13:45:21.073079
Cody,Yoshitake,LuellasAlleghenys@practicablyMontaigne.gov,wizard,24,Angola,2002-02-25 10:54:09.253857
Arron,Runnells,tercentenariesdanger@Dougsspiritualism.info,enthroned,4,Suriname,2002-03-13 14:32:49.427671
Emerson,Bivings,leisurearchdeacons@cortexpedagogical.com,interstatedichotomy,31,Afghanistan,2001-11-13 00:05:29.273036
Denis,Laven,boondoggleNunki@redeployment.info,coupesadjuration,53,Isle of Man,2008-05-08 14:46:47.438194
Abe,Longhurst,saffronsbelfrys@ghost.com,instigations,30,Kiribati,1973-12-01 07:50:06.240963
Walker,Rosebud,hyperventilatingmotto@romanced.gov,hikedlegerdemains,92,Peru,1976-05-09 18:49:37.766902
Darius,Hermanski,camelabduct@lingualpolicys.net,Marsalas,66,Solomon Islands,1992-09-02 01:19:10.715346
Jasper,Pogatchnik,Ashleysinters@observances.me,HWeekssprovince,17,Johnston Atoll,2011-03-21 02:27:12.098632
Martin,Voyda,PilatesCupid@orthopaedicstrenuousnesss.info,topicdoctoring,43,Georgia,2006-02-01 13:26:15.593176
Raymundo,Helfenstein,molehillsconceited@riskyprecognitions.me,violets,7,Pacific Ocean,1991-03-11 15:25:48.838354
Forest,Pycior,quizesskeletons@conquistadorescloistered.me,chantieseyes,83,Mexico,1989-08-27 21:33:24.794661
Lionel,Poitras,monogamousnearest@marrying.net,calliopeScotlands,77,Costa Rica,2006-02-22 01:55:42.383731
Wade,Plowe,JamesMullikan@coarselyMacBriderattletrap.gov,rainycatharsiss,41,Laos,2014-02-27 00:36:11.634992
Lesley,Yep,substations@bacteriologists.me,justest,38,Czech Republic,2006-10-07 14:30:35.452160
Wallace,Ghim,gunnylegitHelena@Bancroftbarely.me,stretcherstaffing,105,Saint Helena,2014-02-13 12:49:58.942246
Bryant,Polinsky,Bolognalamaserys@fireproofed.net,flashed,1,Solomon Islands,1993-06-02 23:39:38.324408
Werner,Mantecon,wobbleagitates@ungodlygarden.info,imagining,28,Borneo,1998-07-04 15:06:39.591019
Kieth,Lichtenberger,extricationpasses@hubbiesTorranceammeter.net,enhancements,68,Egypt,2001-10-25 21:29:47.303439
Antonio,Adis,becomingArnoldsrival@vaporous.org,Parmesan,52,Paraguay,2007-04-26 15:45:46.963594
Rueben,Devoti,nursesPamirs@SalishIsiss.gov,searchingextra,22,Guatemala,2011-07-20 18:23:07.538661
Austin,Stalteri,whitenersdepoliticizes@Braques.org,microbiologist,51,Coral Sea Islands,1972-10-20 09:31:05.364154
Chang,Deutschlander,Aprilstitteringbunion@miscues.info,trothed,75,Lesotho,2017-11-22 18:40:05.309577
Damien,Guzzardi,extravagant@flywheelsjewelled.net,desideratumribald,88,Guadeloupe,2004-02-25 22:28:44.407735
Hong,Sillett,declareinvolve@unsubstantiated.net,tuggingbroadloom,65,Marshall Islands,1986-03-06 11:10:33.085055
Norman,Kory,shootingsemiskilled@Bismarksfame.com,implying,7,Laos,2017-08-31 15:35:57.029988
Donte,Oakey,etasunscrambles@groutsrigamaroles.gov,grubpreregisters,55,Madagascar,1997-02-18 04:19:04.341400
Quinn,Larrieux,cauterizingmultitasking@Dodomasulcerations.edu,Syriaceggheads,86,Ireland,2004-02-04 20:41:54.303987
Jerrod,Hoque,retireesairheads@DoversuntansBendixs.edu,Pequots,57,Faroe Islands,1973-07-09 09:35:18.004771
Lester,Stiglitz,holesvassals@stigmatizingprosthetics.edu,fretworkthawing,44,Dominican Republic,1992-09-28 14:35:46.465566
Timmy,Lacher,actualizationimpulsive@kumquatsgustsdisembody.me,insiders,77,Guyana,1996-01-14 08:07:39.613289
Fredric,Barthen,RobertsonsBangui@OfficeMaxsQumranmanèges.gov,Philbycadences,71,Mauritius,1999-07-13 09:17:48.438073
Luke,Kupris,fillersidling@malignity.info,commodesensemble,59,Uzbekistan,1977-09-24 02:11:27.723312
Milton,Friendly,Bettyelitanyshomicides@Jamaalinterdisciplinary.net,recallinglibraries,31,Estonia,2006-12-01 17:31:36.886347
Garth,Schlenk,saleswomenGraciepity@shrewdnesss.edu,Nerudasflacks,54,Micronesia,2007-11-28 00:52:31.639694
Bud,Petery,convulsionsCecelias@auntofferings.gov,Ericsons,75,Macedonia,2003-07-23 16:48:10.583270
